wallet_id,blended_score
0x586e32930ac05127de429bd566eaa2758fcbd9bc,100.0
0xf859a1ad94bcf445a406b892ef0d3082f4174088,99.994
0x37acfef331e6063c8507c2a69c97b4f78c770a5a,86.64266666666666
0x402a75f3500ca1fba17741ec916f07a0c9db195d,86.63666666666666
0x0f3c2476fbf0ed09dff00ea7f4ef252dcc72e6f1,86.63666666666666
0x1564d040ec290c743f67f5cb11f3c1958b39872a,86.62466666666666
0x794dec90a3b9e399aad7839fa39c17a521977cdf,86.58266666666665
0x3584ca77ba08bd8b3fe4762e60eb284e37696829,86.57066666666665
0xdf63be2e473ba04c26b1609e51d08cf0d78e0913,86.49266666666665
0xa5b65d4a68c1c71aae3910199f4ab266f726afbf,86.39066666666668
0x0e0ec712b3912b5601216455a158cf18152cb62a,86.39066666666668
0xc1852f917835a9f2f97112672bc5c8afd1f21dc3,86.25866666666666
0xd84101ae36b83e64b52ac9a61efa4497f8fd2560,86.04866666666666
0x8c863333c2e92f02e01f7a3c6d131e4d59f78990,73.26133333333333
0xb00ba6778cf84100da676101e011b3d229458270,73.24333333333333
0x000000aaee6a496aaf7b7452518781786313400f,73.23733333333332
0x10aab4b0ef76aa2ac9b5909e671517a1171b050e,73.23133333333332
0x57ef012861c4937a76b5d6061be800199a2b9100,73.21333333333332
0x1b2b76f9f77b57ee2034c591cc143be803d6b0b8,73.17733333333332
0xd062eeb318295a09d4262135ef0092979552afe6,73.17133333333334
0x0006e4548aed4502ec8c844567840ce6ef1013f5,73.14133333333334
0xc6d1cbd356faa71447a86c2faa68e6456907e816,73.13533333333334
0xd6390178b2002a0758e8b3486fddc1c4bc23ebe1,73.12933333333332
0x6a0c50788e462f322959a2458687096994d66316,73.12333333333333
0x14c45cd15d33eaa8aa149e3ca0e6924db143b08c,73.09333333333332
0xbe2c70e8cfaa74c1bab733d5bb6beae3152c827b,73.09333333333332
0x4bb6d52a4420492c5d90f22fa92ff80ab481d961,73.07533333333332
0x67bbbccddd394c2cfa15d3958904858b21040cc6,73.06333333333333
0x24e09f0b6e050754a9ddee77d867a786a38339dd,73.03933333333333
0x4654f56a64301b9b582f843f97332d96ead11ff8,73.03333333333333
0x30c2cc2a570378e2422fc75acd240978dfafbda9,73.02133333333333
0x72112e0b260e200e423367c074ba77493a09103d,73.02133333333333
0xbabe31056c0fe1b704d811b2405f6e9f5ae5e59d,73.02133333333333
0x1cd2eb4e9b2efaf76fc6637b5d3ce3498d5c5000,73.00933333333333
0x96c8e2a1eab72eea758b6694fb2217c4118bb803,72.97333333333333
0x17f780e07e5525c20bf5f22b6c650052fa8605ab,72.96733333333333
0xbed4e3cd89918563a9ce4b04cf5379daf566bd53,72.96133333333333
0xdbc9454541a32fc0cc1b76cfc674a76aab6233a9,72.94933333333333
0x7a1fbccc781593de822e0547f8cdc6210c982d61,72.93133333333333
0x91351a04b3365808518d22db2884d3c288a4bbd1,72.88933333333333
0xffa7370a03c2a91f5b1847a90750489d05f52fa9,72.87133333333333
0x39bde2f9254cfef7d0487a27e107ef6c1685e44c,72.85333333333332
0xfde817c7a0770f42fb80b93dd7a538291c871765,72.85333333333332
0x512fce9b07ce64590849115ee6b32fd40ec0f5f3,72.83533333333332
0x3173acd056c8d6bb3ec849d3f6ffa90b8fda208b,72.81733333333332
0xee37f338220479c8f652e3557f02513bdb11c160,72.81133333333332
0x55d44591fc2d4ad7a79df4784cb0d166ea697935,72.78733333333334
0xcd5f8fa45e0ca0937f86006b9ee8fe1eedee5fc4,72.76333333333332
0xe65187714eb725c76012defd18ab7b495fb25f31,72.75133333333333
0xecc996953e976a305ee585a9c7bbbcc85d1c467b,72.75133333333333
0xfff801e0bf28c9582420eeec66830c69c5670159,72.72733333333332
0xa24f2e6dcbd2da9a220958401dab74b365bd34e1,72.69133333333333
0x9709a9f77d4349e1da4220f1458fbe9339d612e3,72.69133333333333
0x37de9d293350dc3fe3cb7a9339a94ba2b00a3668,72.68533333333333
0x2c966676139ff93e16e8814dfdd91ffca9875e8a,72.66733333333333
0x3825c8ba07166f34ce9a2cd1e08a68b105c82cb9,72.66133333333333
0x0118289457e9fd02c05e37e27a11bd09d3500021,72.65533333333333
0xb62675a9aec9a08524c70f9bbe57be4a5de40508,72.64933333333333
0x39b8e8bc30bb95bdf45a623d5f6fbf2c47785a41,72.63733333333333
0x0dac0e020ce53159d02b06d062b61c26ef0cf469,72.63733333333333
0x84443f61efc60d10da9f9a2398980cd5748394bb,72.63133333333333
0xca8119e97013879b273711e92eaf9b8e387d77f1,72.63133333333333
0x9ce8f85083fcf364467a827cb15730102306ed1c,72.61933333333333
0x371ee509100af3eb863ed61b07825a50b60ab5c3,72.58333333333333
0x14559df3fbe66cab6f893d8dd53f7bfe68de9c65,72.54733333333333
0x7e242b04f21a997868ae952d977e473600b8e4fd,72.51133333333333
0xb16d7fb2a3f13f3d295f4e5291eb0b28528ad255,72.50533333333333
0xd4eddcef8643be102338e1d967d2516bd8904fef,72.48733333333332
0xe7683d0562086a88c1b9b32f8763e3ae6aeec502,72.48133333333332
0xd9b99266c42d427bb3a64f30a0242bbeb41f6830,72.47533333333332
0x53c3f93d5146b3c1dde50d20e6f0422747fb5b7b,72.46333333333332
0xba2f752f7eccb6acffd73e532586050bf0a1fc32,72.45133333333332
0x41c7b33b8e7fec43e4f860f79c2a4314e3c54089,72.45133333333332
0x0aa05126f46862cb8cc097a4d6f0f47ddfba0a7c,72.42733333333332
0x9b4e28020b94b28f9f09ede87f588e89c283cffd,72.40333333333334
0x608b0012afe1bbce4dde992d53a2075d74762040,72.39733333333332
0x425d16b0e08a28a3ff9e4404ae99d78c0a076c5a,72.38533333333334
0x0365901b575f4e62e1d4b573ec8165251ac2cbdb,72.37333333333333
0x083674408a89ccbb0fc9653cf93a1de0b017a2e2,72.36133333333332
0xc968c8fd6b87874e17e37cb41e7d8b9bbc640c52,72.35533333333333
0x0c31b6605686aa26df47eb45af0e4aa6639a5fd6,72.33133333333333
0x4f4e0f2cb72e718fc0433222768c57e823162152,72.32533333333332
0x8afddc17270fea3a8bef02105923ebe5df5ca7cc,72.31333333333333
0xa1df7157e5eb60c4f9bcffb6a2f725a4b6492ca7,72.29533333333333
0xfdc30eeef0e0bd0c778df4f296e16584e6de7aa6,72.28333333333333
0x64ead14ad73ac013dcfa181ca72c13e935fb3c13,72.28333333333333
0x9026c767191ff17dd48e8b9c996819b7d8e76680,72.27733333333333
0xe5a3d77d7788a83f3549dd7f08fc2aced7e262d2,72.27733333333333
0x506b290dec05156fbcafff81b602e4b3717e95ab,72.22933333333333
0xef764bac8a438e7e498c2e5fccf0f174c3e3f8db,72.21133333333333
0x03e3702d91098350d057ded0a05095f703bba2e7,72.19933333333333
0x3c2cb7943e7d0e42e55de96983a34a732dbb7816,72.17533333333333
0xd3d555bb655acba9452bfc6d7cea8cc7b3628c55,72.15733333333333
0x7909c2883db0f3a7c2e36c19db241aa238a8be7a,72.14533333333333
0xd3609aee138dec27fb63395dc58b5f0c7ab701f2,72.13933333333333
0x6555e1cc97d3cba6eaddebbcd7ca51d75771e0b8,72.11533333333333
0x492ff1c96b398297fcacd6e7e1e968d2b2fc7da0,72.10933333333332
0x13dc08f5ddbcbfdf6ebc04c909c3052a2aa7a111,72.09133333333334
0x0d5926184e886db1a736d88f0fb257be3f99ebd5,72.07333333333334
0x18de0bbaa2ec3dca4451b5a05d4a66cd245bbd91,72.06133333333332
0x9b4c75ce8d7006620df39e8757ade75d6434a6fe,72.03133333333332
0x445c55b9a5338c45eea6f4cc9c1840883729a878,72.00733333333334
0xdfb00d9a518d82c9141506bbc6fb1fe5e727f55c,72.00733333333334
0x034a4081df0c5a039d05113a7d0b334083a7b084,71.98933333333333
0x520ef574f275bb54bac66781834a3ee20e9b6e3c,71.97733333333332
0xa43d0765cbe4d17830fccdb27a77fb22dcd5bb35,71.94733333333333
0x7ea0aacaba3d6e5ec781585687ccdb7d1c25f5be,71.94133333333333
0xe826cf83f03732ea35eaf4cd9627d57529feca4b,71.92933333333333
0x8b26754becb2f0b00f64a4345da8e0f53ddab673,71.91733333333333
0x19360799a15730fac556088793895aa7650ee442,71.90533333333333
0x4d25819e9de2a2eeeddca953d1ef0182680a7054,71.89333333333333
0x4adaeef3521509a73d6f71177c4ee2cdd184b734,71.88733333333333
0xc5c04a665048403b7d7f4f5f1b165cf64385d9c7,71.86933333333333
0x199da66fea63520d64b213ee3e7eb7cdfb650d62,71.86333333333333
0xbcacccab521ad58d4a5652cfa555ae47c24d70c0,71.84533333333333
0x0235ecaa45c4ce4abaf58c21e70c103d1bd745d7,71.83933333333333
0x23b8cca9b21c884a7ea65b527e88378643712acb,71.83333333333333
0x61ad994108a0d4b8a2dc60129362ffa62342bbd2,71.80933333333333
0x81da4f0bcea8d330d790da28bf5349d29ad51fda,71.80933333333333
0x6996c784cda7a2841c3a6f579c896477586a1d9a,71.80333333333333
0x502cb8985b2c92a8d4bf309cdaa89de9be442708,71.80333333333333
0x07326cbe4792e8e3c1f61c66fefee8253eb2db0c,71.80333333333333
0x7ffdd8fefb6085886efe2651943bcb772432deef,71.78533333333333
0xb0804b6dbe7159bddc1b6c9c00c796d94eee1858,71.77933333333333
0x6370c6ca30253a2e188ae8dc8e9e852271983e7e,71.76133333333333
0x5212f225f58b8cd4c1cf2a10dcf047449dcb5d86,71.76133333333333
0xca248e880da1b0d24fe71d338c4ed04f1faf3b9e,71.71333333333332
0x0dc8ca1c9a3b11fca4cd9fab7202fb3eea82e778,71.71333333333332
0xbc9c92922d98f2896e173b6c197b7fc1674324c9,71.70733333333334
0x8ec1675d89c4ff8579e461d593700292b9967b46,71.70733333333334
0x4c77ca7ff8e548806fdc88e4dfa8ea1e493a450a,71.70733333333334
0x25f952c6b87d3a9c48ac86b61f27b81a6f2ed332,71.68933333333334
0x4fe95c36bb9b3a81f278569525162f91615e77d7,71.67733333333332
0x3e2dbda5f310aade1503557b2e7f356eaf161641,71.67133333333334
0x40335581dd8692b698762168908d4ea23b0b94f9,71.65933333333332
0x134d7706f8f542f611a785cf30c693df302f4f24,71.62333333333333
0x2235cd349113837ffc6d3e41ad8f64a84f3d20e5,71.61733333333333
0x2fe55ecd0813821a209a944888206cc4dafcbe17,71.61133333333332
0x55857b9a18e15a298136b3118af86bc9503b3eb5,71.61133333333332
0xa53a13a80d72a855481de5211e7654fabdfe3526,71.60533333333333
0x3d1a8bf4b5db60f71386f1e714c1402ba9476242,71.59933333333333
0x5d594da5154a4236a4fd81edea808ba1338f3203,71.58733333333333
0x003c52a71c887461087154eccced08cb1c5384a5,71.57533333333332
0xd2adb7b4df854631fa0f790a93b2fa25fad3f56e,71.57533333333332
0x8212f2891f691b4f08db8884ac64c4ffb7dd157f,71.56333333333333
0xedfbdcacb9646e3c017321bfbc8c1bf82a8fc12f,71.53933333333333
0x029720a9b3ce72f3e1d9c79257e1f19afe20b6c9,71.51533333333333
0x4ae0dbd5c700c64faaf85678fc1fcdf6aba5c5dd,71.49733333333333
0x606420fc17e08ce7d85a5068cede5542c0e47128,71.49733333333333
0xb28cf9fcfaa079ff21ceddbfc7b4b2fb9c7bd70f,71.49133333333333
0xe20ee1d250c8d3e0bd140306121001bfdc7a1201,71.48533333333333
0x5104efc872d45dba3a97bf02aebe240dfc283321,71.47933333333333
0x7e915cf29c5568e41493a4cd58e8519c1266e5da,71.44333333333333
0xd5c91f3ef6610dd5b1428bf9a67e3c03323c65f8,71.43733333333333
0x0c0b74126f0d4868750911d18ca74a174247ada6,71.43733333333333
0x1e105686de9d256eb107e1c25114088076199bde,71.43733333333333
0x00000000af5a61acaf76190794e3fdf1289288a1,71.43733333333333
0x121667b6690f5040c672c3df912a5aaf8735ca23,71.42533333333333
0xcb71eb21f53a2f4de0f26dc90518df10be13d1ec,71.40733333333333
0xb3d77ebc988eb7265f8b145accb27bcf2722ee0a,71.38333333333333
0x82f458f713ac9a366aa9c7e858f69454fde779e5,71.37733333333333
0xb435871b0959561226b4d903b1abf79528177e81,71.35933333333332
0xe264d4f4169ec460c86019b94e390d3957135b6b,71.35333333333332
0xea58392c30bb65355d555f772f6a5c69da564e61,71.34133333333334
0x52405eff99dd4c2015463dc511573344f2e2e8d7,71.31733333333332
0x540b3f3705ea15a75f759c74fa046dbb47d08981,71.28133333333332
0x39610340570b25e3fa140c796b89b64a13f19648,71.26333333333332
0xc8bef1a50119389ae31d2e426f7c71bf8cc10def,71.25733333333334
0xefd0199657b444856e3259ed8e3c39ee43cf51dc,71.25733333333334
0x1658a95d08bc44111a93f7afcab8444b7e8dc0c7,71.24533333333332
0x9df06d2e25378f01a405c93310e289e8d06c9841,71.20933333333332
0xd47df21207181152dffc749eb3a66d8d91eb204a,71.19733333333333
0x3a32ecf794c2172f47d0186baee4bfa74d2ebc9f,71.16733333333333
0xa85efd19852f56990a708d5d38d49552e8c75512,71.14933333333333
0x2b19fde5d7377b48be50a5d0a78398a496e8b15c,71.14333333333333
0x8985aebdb1adf244f1f3f8ad9ff89b8a045b5319,71.13133333333333
0xdd7c40ad9dd3ba5708e3cc6deb90fcfc37933e09,71.10133333333333
0xeb64340f380b8c2e708c390a1a6be7d7c9c1c4e8,71.09533333333333
0x1d795c4f44ade46eff5a12bb70b1c75c4f1a214a,71.09533333333333
0x029d68ff4b05fc4102d8caa77e28c585a32cdd16,71.08333333333333
0x2848b9f2d4faebaa4838c41071684c70688b455d,71.07133333333333
0x1699bcca0cb5ee41049d5e3cbff75c31bc0f15cb,71.04733333333333
0x63785c2f4a9864302da3c5890cd55e144056a44a,71.03533333333333
0x7c6e177d9613bbbc80557816a19a342136b24654,71.02933333333333
0x009b6817807c332b9445f5c9cf2ac94631fe876e,71.01733333333333
0x08072a5fbc90eed1ca4fb863c1df8aa1fec61cfa,70.98733333333332
0xa1872b9b494556777d2b3ac5e699cf7fb377bafc,70.96933333333332
0xe1447914f234eb30f8725b2f564e60a655e39cc0,70.96933333333332
0x7a4d3a7e9c30c13442a1cab2fa5e35f230d2b5fc,70.96333333333332
0x23395e68e4a65b5b9b33e3819f6a3058752a1a2e,70.96333333333332
0xc7f9ee3468bf061f64ecb960ed51ab2362f122d7,70.96333333333332
0xf4ba1b19e8065adf06b1e168e919836730304b6c,70.93933333333334
0x000be263b3ceb55d22ed9b40d7619f62c4862c80,70.90333333333334
0xcdf449b5c9bd2a725319163c3e7f2d7222c4d8c9,70.88533333333334
0xcd823142b266f3da24d16f761b4a4f27b7a13596,70.83733333333333
0xe77884cddf148dd5f0e9191b33d8dbaddb16dfb5,70.83733333333333
0x85dc5fc2e2d5054a459890ce992106f58ecfa93c,70.83733333333333
0xa16946a605ddb755d3a5774b6124f97fed1bd1e3,70.81333333333333
0xba3481444e4d9df34fb9f4c2aed1ee6435d0bb04,70.78933333333333
0xb32b2fb57152a6091fba9fb4803e2df0097c55b4,70.77733333333333
0x410c8568c94f707008bb7a5afd36421b0cf6c307,70.73533333333333
0x84d99ef0f45a7d16a61f83955cc3147ffaea9a3a,70.71733333333333
0xfcf8dd90c50d2f7fd7b292ba6820ad09080442e4,70.71133333333333
0x58df55d6ab2db99d440241a607d91898b9ffd046,70.68133333333333
0x54900a355ab53686acc198553665c0fa6810fa0f,70.68133333333333
0x6bc1f0288776139ecf9bee12b5a14a76e8d5c6c3,70.67533333333333
0x52feb9bf6f37bbd01309515feec062632f5ccb2b,70.66333333333333
0xa456da10f3cb6116110c61d0e9a150a6406d1a15,70.65733333333334
0xf16d75faa453755891196fdc08819bc5527d5806,70.65133333333333
0xcfe638ac45cc776cda727b3d388bc7bf0219523f,70.65133333333333
0x413662ef87c5714c0f91294b3b39f5ec4a84875a,70.63333333333333
0xe70fe418032f3ce1fbdeb5508a0b7cccffda6d32,70.60933333333332
0xe77552bd37a8703e4c54b4e3ff259418fd28a831,70.60333333333334
0x59e406c3ccdd1c2aca7f34379706a6d697500323,70.59733333333332
0x9939d74f7cc25f93dced7c9fa2cb8c76897f21fc,70.59733333333332
0xd24e0a25b7a581d1adadd30c14b009047890e6f2,70.59733333333332
0xa55f6f54f7e0e11396904031b0e870cdc910bf75,70.59133333333334
0xd3069c9e486a8b77add55ae3ceb3a4b138fb76c7,70.57333333333334
0x7fbe66206e5eb811173af1317bfa2a7838f4c270,70.57333333333334
0x9a7e2093092762d8c4caf2a947064d6762bc8c6a,70.51333333333334
0x7185fbff199928cbae71990ecb3cc4a7be2ff00a,70.49533333333333
0x1bb3e197a4aed56d65e7f837814687750615ba55,70.48333333333333
0x2c99d50eb4daa1d26b5ba0b1daab58cbfc0ac3e6,70.47133333333333
0x6168bb05ccb4aaded0169602bbb6e3cae12902c5,70.44733333333333
0xe40afc776c18d8925199dcce78d0b06c9222b896,70.43533333333333
0xa7f3dfed2bcf7b35a8824e11ae8f723650edfb58,70.43533333333333
0xd888dafa1df40c262c10d0479b9f0b8d8d2cdfc7,70.42333333333333
0x4a02314976a755cc5b7b2482f25170714e903a30,70.41733333333333
0x9c9550871c8d714e90ee03e610b21f156381bdf1,70.41133333333333
0xf8e562f4f30c5dda0978857067d6585265da3437,70.39333333333333
0x49b357c9acaa84a0cb978571b642b825e964b2cc,70.38733333333333
0xbeefdbfb1747399fed162c3b588d43a094353bd5,70.38133333333333
0x6d0e8bb55f2fd4a11dfb8e8382310c125df11bcb,70.36333333333333
0x40e652fe0ec7329dc80282a6db8f03253046efde,70.35133333333333
0xf11d95bd4c18e4a792cd3ffb581e2c30890724a3,70.33333333333333
0xf8fbc9298650f49f9b6280ead636c1811c6ca1a1,70.33333333333333
0xf6ad502ac34cc67f3a86b4e6a4ea802409b0af28,70.30933333333333
0xf3c97135aa789fd6437d5bb67d32307bd7edac16,70.30333333333333
0x99a70bbde9d02d1855a0148b95962ba037f133ac,70.30333333333333
0xf17871042913d86d93d3ad7c5c5ccc5bd60cb5ac,70.29733333333333
0xc64de5e0f97c21606e1f31426eb5c98ab729c08e,70.29733333333333
0x0489076a0d17394835af93cd62acff703b6814a9,70.24933333333333
0x69ebcd09782fbe0712706c4904e4b3a49fcce5fb,70.24933333333333
0x7245386b3e4d58a34eabbc32879dd95f0df697ba,70.23133333333332
0x18867ec16fe2cb6d5e973130eebf0c427decabf6,70.21333333333332
0xdb15485f9d4397a1687cb3f4b372acb9794a923d,70.19533333333332
0x67168517c1d0835147e2bd66e40a602e9fb9cbd9,70.17133333333334
0x4846e45c101a8339be5489167f5aba5fcbf37bca,70.17133333333334
0x1303b9d1d5fdfb7d822c7e285de118280a4a17e3,70.17133333333334
0xbf83e6e40162c655f2ded3431b7b31307275ac95,70.15333333333334
0x30887fc55cbfad3487cb55bfe1779f6d2ba1c118,70.14733333333334
0xceb9e948ce562b3b3eaa2495e39841a62815a524,70.09333333333333
0x1712808a5d99e8fa244079d50e2a3c46afcafb35,70.06933333333333
0x683a42e5b414ae5cf79ece7e369ca5937fdcdc11,70.06333333333333
0x009b56330ae5ec5042b9ca46ddb3043cc0d006f3,70.01533333333333
0x9c6d67c5fd1f78c3daee702b9a59183c0f4a9d17,69.99733333333333
0x5e41408192ccb2be827e5d0d5f6ca1c5e1513131,69.98533333333333
0xb4756d65812236c4c82c768e7dcc58adb6cac975,69.98533333333333
0x380934a5703937f9f5c8bf5cc4330863def5d60f,69.94933333333333
0x627c5ca5b6a3b1985c6f9aa8f11d4f188debfb97,69.91933333333333
0x4f5c0754c5f90e722d78964644bd29687b87c584,69.91933333333333
0xa010322f3eea1004d16e1687777440b78f2e558e,69.89533333333333
0x6cbbd5d5e3f71280a568823adee4b18cc1be5e32,69.86533333333333
0x0a719a1c3d997ee54ee317dd02617ed7edb53e00,69.86533333333333
0x797f63620e62dbc83a5bc88c6a43494ded428cbe,69.85333333333334
0xed60eac23f638d2c4e28ba681a0539b7e63a23bd,69.84133333333334
0xa925f2b125657f237493623466766723efbb102a,69.82333333333334
0x2871b76c348e12b88a28cef388d37326e85e2fec,69.81733333333334
0xc485cf598a2f0cd43adbbccf4eee85a182746e4e,69.78733333333334
0x40d83d66673ec330c3cdb45b6ac9eb884d262a71,69.75733333333334
0x6eede1c561f85f99aa5036bff1a950b615bc185d,69.73333333333333
0xeb97d37bb6cd268ddb25e67cfbb9b3f7468db46c,69.72733333333333
0xd03ff5274e6ff0b43cee31cafe1c40324fe5d33c,69.72133333333333
0x213c448f6870703ecd9a07f397958e56fe065561,69.70933333333333
0xf8012ade1ec196aa06dd991119d75edc59cc7768,69.70333333333333
0x985c0748a95d30ba0585dbc33c4c366a56be8ed3,69.68533333333333
0x8dbe431939b9c323d42e6ab160870a01f1d09549,69.66733333333333
0xa0c903f8795172a7915e68f5c06df10846d938d0,69.63733333333333
0x9e48d192a5dfeef971ca4f82ddf8ed6b2969509c,69.61333333333333
0xd4b31a616b5c2bd6fa09dca10b69ee70c01968a4,69.59533333333333
0x268a1b7ecc1fe1fab1ee32a7e61e3b7810bad4a5,69.58933333333333
0x5ce259aedcd14038ad2c35ecaa7b6b2974d339ac,69.55333333333333
0x8782696569cb4b825f6f1fb457c14dfb823187e4,69.55333333333333
0x053b7f29bc6d95182f0e54efc86549938878647e,69.53533333333333
0xe4b0fea2c1c6c90c356bfbbe04b7233a3f144c00,69.52933333333333
0xb4f82c737969262514458b802cc578cbf95430ee,69.48733333333334
0xbfebe09d854272c3aeeb1e4411c2b02a83d0339e,69.48133333333332
0x9b49d6295a1e9c16bf57044b80cc35fedf010c40,69.48133333333332
0xd527c56dc2ac6a71f04242548039d07006e9103e,69.45733333333334
0xbfc54c36fbd010d53975ef38e90462c1a7afdb60,69.45133333333334
0x26d8f0909a9bb3a1758024c90e8fd87f5d24d65f,69.43933333333334
0x41bc5e34131559048b12006a5a8889b122a1d57a,69.43333333333334
0x47fea52a4b79954fede50ee07b3f5d22696c8586,69.42133333333334
0x2ee9ca25ee0d96dcfb33235a7886bb239d7ffb29,69.42133333333334
0x20aec996ce9d508a7f51b2a217bf6a87b6be0ef1,69.38533333333334
0xec8e446c52f2d4ac9048aff1813c636ac8334fc9,69.37333333333333
0x00000000b1786c9698c160d78232c78d6f6474fe,69.35533333333333
0xd593193c672f5a8f999c0f3c8f2f46521fe84691,69.31933333333333
0x334ff7580ee92bb13d744cd309925560877122a1,69.31333333333333
0x60ad81273c776aea562faeaa601ffc1680ae929d,69.30133333333333
0xc766ca67ed7216bf6f67e449f9789daddcc0e9ee,69.29533333333333
0x3b06bc7b205f1a827f6504244db7a8f5b0bf7dfa,69.27733333333333
0xc1ad79ab00b3f63577ca653cdfda344e9847d4d0,69.27733333333333
0x479cb37b53d5eb04b6a337ac3d2ea447619eb87e,69.26533333333333
0x4308415cc35a883a593fd182c8a6f26250d46005,69.25933333333333
0x4c0e1f1c80090b6749f757262c267246aa3ace64,69.25333333333333
0xecbc2901efd668a049ec86e847c3a70552d128a7,69.23533333333333
0x9b1b504491fc206368bf048ff564249d8a81caa9,69.21733333333333
0x3596c017ad351628cd31980837c0938ddbad7e49,69.21733333333333
0xc4bf1e9f7255e4a379763579e52ee2b7c703cc56,69.21133333333333
0x99cd4625a58c27df7616fd4e5caba5803a875cfd,69.21133333333333
0xf5fb8fa41f90df3ed2b3caeaaee64d5da26b68e2,69.19933333333333
0xf55e015769baac7e5861cba62ee775868c335cee,69.13933333333334
0xecf65013b943b0f15cfc09882d2afa273d0bb7e8,69.12133333333334
0x9418f78a010e66af9ac9a0fc569a7cc52a2d2ee3,69.10333333333334
0x8c35b33aec81f4aa0c048b79542ec19b3e905690,69.08533333333334
0x23732c68e444c09fca1c139d9e90a58217560224,69.03133333333334
0x4201052075c9466e1a8a64f1e3118b6e88e14ba4,69.01333333333334
0x852d0f03389681cb713795648bc157e878562786,69.01333333333334
0x16ad4e68c2e1d312c01098d3e1cfc633b90dff46,68.97733333333333
0xd19604efb40ece1efd6df5de6d3892112b51e99a,68.95933333333333
0x4d447a38edcf79f3ef588518413a55d717a93f9b,68.95333333333333
0xf0b4fb521eee7561e746a2e01ef933c5a2225809,68.94133333333333
0x32a4edb6edf93286fdfd6ea485d02d6a7baf4c1b,68.91133333333333
0x4d37f28d2db99e8d35a6c725a5f1749a085850a3,68.89933333333333
0x204d363bed977942e9ee1dbb24ad940b16cc02db,68.89333333333333
0x60c514df3dd8bda1d67ca0f6e2d9184f4aefb279,68.88133333333333
0xe8bf424e047372d249d0826c5567655ba3b72f18,68.82733333333333
0xdb88b5b0df1eeb8d30263b7a1b31618b0bc61e3e,68.82133333333333
0x238e24c06313fc8176bc6c49a0ebe86c2b0aabb6,68.82133333333333
0xd7925984736824b4aecf8301c9aee211cd976494,68.76733333333333
0x033e9b12438f95cdbe9170f313367f4c614c5fd4,68.76133333333333
0x09a0da7289a60809992d819530833f4053124090,68.69533333333332
0x9030b78a312147dba34359d1a8819336fd054230,68.68933333333334
0x0be0ecc301a1c0175f07a66243cff628c24db852,68.67733333333332
0x5519b78b0f40d62a110c787317a9833f36d937d8,68.65333333333334
0x44e59f7c598644a68975ef41fed052362c4c8ed3,68.62933333333334
0x70056d4450ddc31a61146fe91283aa3f645ec1e1,68.58733333333333
0x5e01d9928ea32d1d3ae2f3263b6ec6c165dc2d76,68.58133333333333
0x11966fd9273654925e0e37a481ffdf7f74567659,68.53933333333333
0x972723ab7c0121f8182b5f19a0015959fa776794,68.53333333333333
0x3566974231473a3456d2305fea0bb0944d2ed698,68.52733333333333
0xb73175a10dbebd97ba55fa6b869b1492492f75ea,68.52733333333333
0x4ea0d6576e606778cc9dcc329d06ec70c3906cc2,68.50333333333333
0x5081891d84cf21beeb950b59e445406328c61aee,68.50333333333333
0x71bb861eee90ebc82e9ee26778309560fd361538,68.50333333333333
0x958f5159b62a864419ee492008061fdef2e1f8d0,68.46733333333333
0x644239848c7b402d813295893db428aae7cc4cb5,68.45533333333333
0xb082ddfd74748b763f52f04558e5f814a56de67a,68.44333333333333
0xa8f0b0b9ea90cbbed60b615c1fd892099156ebcb,68.43733333333333
0xa4b5173309ac878db01dcea2b230cdcbc2cf6312,68.43133333333333
0xa87ab61574a159ee2466ed44dadcd7b9fb292ec1,68.42533333333333
0xa00c99f5f955552742f1089ded88abdc74e67bac,68.41933333333333
0x7e388444731c38189c0685f6d98605107ff59282,68.40733333333334
0xe07e487d5a5e1098bbb4d259dac5ef83ae273f4e,68.38933333333334
0x60fc976145dd135c6bbc7df9406a60e8c2123850,68.38333333333333
0xd7053db54a65f4c0e8707608b11ee1230951e387,68.38333333333333
0x0470f22d198f15514085dd1fe72042d31ecddfa9,68.37733333333333
0x24a8c6a987c8249bf507dd7638bd832b11a5b65c,68.37133333333334
0xab95a0fb53df696a492a93f30fa126bde2493043,68.35333333333334
0x717ab1c60e79464ed2e2980a131fe5774b855789,68.34733333333332
0x01e7f16e17c50d070eb66787f25ce3be405d6038,68.34133333333334
0x3083c46eb15cc0c087a03f60269edf1de8186f38,68.32933333333332
0xec75e6ae612401d4188266eb731697339b9b0f36,68.30533333333334
0x03d4695df4b8d321d31c94de8f430e3450f50498,68.29333333333332
0x57aeda024fdbc8e1ce19cb9a628ca39747e3661f,68.28733333333334
0xed9921bccf920dcc84ff1007e1098ccfe983c8b6,68.26933333333334
0xa1998b821c37519889af52f95d1b9dd0d5167d6a,68.26333333333334
0x77159783ed219c8dcafb63b2b8d69b24c774842d,68.25733333333334
0x822cdf10f5e8276da05cd25bc66b9b7aa7a0fdb0,68.22733333333333
0xd84e11bee5d555ccd905817cb8cbbd5b6e6c4f0d,68.22133333333333
0x35d3da57064d2f5ec5f0824caaa839a43026bd41,68.21533333333333
0xb587e5af7d7131d5c0de77efda2979951dd6889c,68.19133333333333
0xcd0b262216e710717b8bbb2f28a070e562dced38,68.19133333333333
0xc5d16847874f3c47c5dfec353d01105896459d0f,68.18533333333333
0x3186ecc1be7c22a5bdd873cd3937a0c98021eee2,68.18533333333333
0x93d30a4051df1363a11050dd5259494a609ed97e,68.17933333333333
0xfb0018ad46c669b6a4c0e589c53db27daf7f7930,68.16133333333333
0xab95c29198f082b86c2eed5b7c18aa5b80802394,68.15533333333333
0x5a7d7d8591de34678e8601a2a25f1ab06e90da63,68.12533333333333
0x17e5a662b373673475c51b6db9d79bd291dce573,68.11933333333333
0xe7186c0c4e6b249a269bd7fa3c3e1da54250c18b,68.09533333333333
0x56c935cac3d870b385724cae5eb8eea1505c777f,68.09533333333333
0x4c54253711cd8fecb245c864cb0bc40189d3ce78,68.07733333333333
0x8ae928cb080aa43a50393cd08de208ef2b1bb86a,68.07733333333333
0x540467e4d66cea16598240ba82215f459c9b988a,68.06533333333333
0x7fd6558b81ae5e2153f0ec30bbe5d22268f17e7b,68.05933333333333
0xb4390289cf47c5c05626cf75ab4da28e70de3e1a,68.05333333333333
0x472dbf5a1b070f9efc2491cb3b98445e06599e21,68.05333333333333
0x986a303e7c685440cb3d9f8041e619a18dc5461e,67.97533333333332
0xe00d58e8a4850f231c8482681657501d0e49703b,67.95733333333334
0xe364d707d9929e1685cfa3914ee427f9d4a89675,67.90933333333332
0x98d29f6b55b59cef1d6c4c9f9b065302989d23d1,67.90333333333334
0xa9bbd5b83ffc706342555e4a38c9c06b2e7441e5,67.89133333333334
0x6a84c6bff095d29d9618ea0b3fa6bacb37e640e6,67.83133333333333
0x0b013cca6335dd62353ca60ecec9c39b5227d270,67.81333333333333
0x7d957aa56820212bbd4c7667ad5e3e39215048a3,67.80733333333333
0x825d634b9d22da526ceebda4fb7ad4d373cfe2ba,67.80133333333333
0xffc5924dd727e6f081ef16b68403b8b322d870ec,67.76533333333333
0x15fda64fcdbca27a60aa8c6ca882aa3e1de4ea41,67.74733333333333
0xefea7656b79d8f5cdd4efe28ddf71855d9c7f447,67.73533333333333
0xb027257430f0e4dc0fad2184ff4b415761e8db20,67.71733333333333
0x89555a4f31b06faca197cdf60fd996f1ba783feb,67.71133333333333
0xdec7eccd6e1abf4149b36ad5dd53afaf20eaa1a7,67.69333333333333
0xd6449ac214275493a8205e58107b1ee19353840e,67.66933333333333
0xe80d953d0b4f2931549473e803c95f559b6ea58e,67.65733333333334
0xc740d60f7185a7f315d480e84efad02e76153d2d,67.63933333333334
0x7284a8451d9a0e7dc62b3a71c0593ea2ec5c5638,67.63333333333333
0x4590219b226e50fe8ee023665a087e4eeaec1e1c,67.59133333333334
0x86e3209766b078527f77969f8013bec5dcdebaa4,67.58533333333334
0x7bc0ceafffc2f2322f07c3058ffbcc2fa7c2af7d,67.58533333333334
0xae3c67b8aa12e458f2b4eafc0e9209710582c9d3,67.58533333333334
0xe6f6f9492098aad009faa3f9b84f35c0b6ee7f3c,67.58533333333334
0xe41086f6e4801bf49c0f9e24fb147cdfaf952a89,67.57933333333332
0xa59073c0e036edbdb5dc4e88f42bd9b32d6e968b,67.55533333333334
0xa248c8099d6763f5bfa7822677c367a568047bcd,67.53133333333334
0x419e0d48a5d64e90205d1c28edcb7fab04a0a88d,67.50133333333333
0x91970127fd698b2716c36633ab396a797910a24c,67.50133333333333
0xafcdc9b44b3d9725d9bffd6c0b4b58c37d197490,67.44733333333333
0xff19ad332cc5bb32703a3058c6f93ce177cfbb08,67.40533333333333
0x8492abe1c9918d5df6c4fe39afa9803e52e4698b,67.38733333333333
0x212ed0fadf06aa480d09fc1737b2912213ef6ab4,67.35733333333333
0xfacea5da5e8d657d75ebf8de3fa9b78551874848,67.35133333333333
0x54f987c0a786031357427211046d9e7ef61f3891,67.34533333333333
0x84c23a698e9ff0a533fb3897d6832f8ac529740c,67.30933333333333
0x6a76274f50711486ab0799e75150130746ab542b,67.29133333333334
0x64ae361c1c55f61a02d2c67a4c78457d5169ac56,67.29133333333334
0x301951f9bd3e21e404dd2a99a225aa38e0947ba1,67.25533333333334
0xcdebcf59ee33978320ca2ebcd433ace6144c63c4,67.24933333333333
0x15bbb1f27e385e57afdbeece615bd96a0882652e,67.20133333333334
0xea398010f27e03b33cb022d076a41978561e845d,67.20133333333334
0x73662eaaed75d7d2c86c8eb813edaff12966f5b3,67.17733333333332
0xb0848a5322f7d5d29416ac07b2df6e0cdb6c50d2,67.16533333333334
0xb6317af995693789900f85b2d93d1dd0f5deb558,67.15333333333334
0x298afe764ceade43ba80ac4390195e8d9451d6ef,67.12333333333333
0x2aefafa691982dd8431b03e584988b80c5c0b977,67.09333333333333
0x8e7a2da15b5f9b3a443a8551635ba6618fc62e2d,67.07533333333333
0x8662f71896d5770e2991a2e6fc1836c5c5ba3a67,67.06933333333333
0xa7b95d2a2d10028cc4450e453151181cbcac74fc,67.04533333333333
0xb06068f25c6b6944593a91d36a8e4f88985dd846,67.01533333333333
0xa7615cd307f323172331865181dc8b80a2834324,67.00933333333333
0xa87259f8e14364953d91f8541a7ba0b32e5e7008,67.00933333333333
0xf4ae6165c3e05ae7426c5b5200e8b9a7565ac595,67.00933333333333
0xd80c8da4b37cc49a5ef4521fccb56052378b1c78,67.00333333333333
0x3b38a44e2c4902c4734c552dd38d1cd6f91cfb2f,66.99133333333333
0xe670c92e93f88761004f86b28c101cd8b9ca57a9,66.97933333333333
0x79ad50b87d8e2da2074822589cd320deb899ad50,66.97933333333333
0x16ea1f673e01419ba9af51365b88138ac492489a,66.96133333333333
0x1f88540813419e3ba82c6d0e62231c89d6414c46,66.94333333333333
0x00e36307236118b7d5ff9e1fa3a2506fd5257b8a,66.92533333333333
0x1b1bc8b714737c8456a0590d307d73da2a4d9249,66.91933333333333
0x793acdce9db7bc3269513652923d543b4818e817,66.89533333333333
0x90c3729672a0b7a9bb7553e76c477cf873e3bc33,66.85933333333332
0xcca5b555ecb991acda36a73f4f2a0e89bb68999c,66.84133333333334
0xa1efa0adecb7f5691605899d13285928ae025844,66.79333333333332
0xf9c5384c9711dfd958e27856fb4640a8ad660def,66.77533333333332
0xebbcc9b60e2b819f2758c205c8cd986133d21005,66.76333333333334
0x744bf16425eac4e497a9a01e7ab9bdb0b9f3af25,66.76333333333334
0x2ac4aed3a8295b967583a131f6214297f1ea531e,66.73333333333333
0x0358629bd27fa559b88d0f41ea3da28d057c3414,66.72733333333333
0xe25b6d71bab6d363de5a5d20fbfd6e507760d3d0,66.70933333333333
0x4becca336d9d7ab7aabddabc7985b26d683f15ea,66.67333333333333
0x64a8070811567783cf820225a11e5bba213322e9,66.64933333333333
0xbddf6cf9c825b319aef8fa3e6f8c7afbb4aaad22,66.62533333333333
0x0215c140840b896e1e371525d1f70cefbd09aafa,66.61333333333333
0x4aeee08c3187fa1ae768e6264898397f339ac334,66.57733333333333
0x7219786a67c3ccaf08545d8cc5634af1eb869e5c,66.57733333333333
0x6b790599ea89be7f68268eea87bbba9cab5cfb68,66.56533333333333
0x372cc010c6677434739398463c6bc11e995ebf26,66.55933333333333
0x7d8e6cfb1b8709139631cac4cc458f63611ffdf8,66.54133333333334
0x7a6ab4fe07d4b65a3a3b4a28cbde57ebaed9cd81,66.52333333333334
0xc57f71d926d86a2d8e36829126e2aa3db6784212,66.51133333333333
0x9d5f75adc1659bc69732c7f915dfff7faded2290,66.47533333333332
0x5142126b4573ae1a23e4c8ab2a16631cae725325,66.45133333333334
0xf55868968409401ec70e3527c3dc50335ee27f4e,66.42733333333332
0xa5f7a39e55d7878bc5bd754ee5d6bd7a7662355b,66.42133333333334
0xbf7faf866f2a4a003216fa224fe75bd2737d86ff,66.40333333333334
0x3979f8fd1176e266c0b8497ec74cbeab82949a7d,66.39133333333334
0x380e92c897b0856cc4ffdd0accc21ba01c9327e9,66.37933333333334
0x6d2af065ccb60c0f7e8ec5907c961c42a3447127,66.37333333333333
0x736e108bcdd0c48771878caa148c1254689a941d,66.28333333333333
0xd00ae74b8a2a0b3c17636cdcf4c4e72149f2ee20,66.25333333333333
0x260f2c7873d0bb7646e9a73fdedefe15a3b9405c,66.22933333333333
0x4b3a7af8c712d2bd0068f012a9426d2dc1073d2c,66.21733333333333
0xaaf4d001080b511df8ad90090c435ac1affc5a1a,66.19933333333333
0xe98604413c217ea6f0f338506d9903815cd231ad,66.19333333333333
0x3f70d4927adfad26eb7b1574eea7939d347d902b,66.18133333333333
0x1955c2b76b1cf245795950e75eb176080879da50,66.18133333333333
0xab61719309bf30cda379b45ac33326b24261f956,66.17533333333333
0x41b96e9c6758d12a7a1f67952466b2e104532604,66.16333333333333
0xe1b0e71dfbf82eb2521ed94508e9b0b6eed6a634,66.16333333333333
0x9f3226e9de5983804e7003a779ef2e59f7e09733,66.13333333333333
0x9b66137da669f2e6277832a3d2c91edfe963e64c,66.12133333333334
0x2a4e6c78f12333481a6d932ba526eb56bd64f008,66.11533333333333
0x06f8f66648cac8bd39e9cce036094ef4dd1b504b,66.09733333333332
0x4c4d962c26c0372229f7fa5760597acd52538cf7,66.08533333333334
0x028ba041704644a05d49da2c72cd0ece5f37bc46,66.07333333333334
0x9e64b47bbdb9c1f7b599f11987b84c416c0c4110,66.06133333333332
0x6d370af6cb556b12a4da961ad69840d88f20f938,66.04933333333334
0x770fb298e70df0eb42235671a53e3210dd2ec2e9,66.03733333333334
0x57c41131600af2d0ea74d7a7ffab385063b89267,66.00133333333333
0x8e5d30f161ba3ebb09dc3c1f06515656af34baa1,65.98333333333333
0xd8595ac2836b7a8040f046e751b42088436b6365,65.96533333333333
0xdc95913ea736a669f9518dc58b90b5d7ea2c8c8a,65.95933333333333
0xc9004eb172a1cf5afca47f38bea59231fbe96406,65.92933333333333
0x57db5d6aa783cf29af41330569d24957140fd3eb,65.92933333333333
0x5445f987ff43fe2b2c31b86ebfc585a3d6b02120,65.92333333333333
0xbd9ed130a53cfafcf81502e4d35329a6c4d53410,65.92333333333333
0x823b92d6a4b2aed4b15675c7917c9f922ea8adad,65.91133333333333
0xc209cc607c81ca7d8c0bfca7bfd6144c74a7e238,65.86933333333333
0xdd20489fdfae08b53865a22b552fa2b90f409450,65.85733333333333
0x5211c6a1a55605e6e7a40ac75d85d11aa78875f4,65.80933333333333
0x8233b9df7afc7057dd3f670b81f394ff21bbbd08,65.80333333333333
0xe2850aeceac7e8d955813100098606bfd1a01fdb,65.77333333333334
0x93667dcc21f791f71c4d8ec19ab5fcbbae06a389,65.76733333333333
0xb1a7751f6c9036cfd17d8f28aa1c96e2e203c5c4,65.71933333333334
0xc6ff1210245189b06839e68162d362311b815eb7,65.70733333333334
0xef73776fe0820387cb210c185d440e60648d53f8,65.67133333333334
0x6275515e9cf53d2c16a417eb321bf34ad83e7212,65.66533333333334
0xf0ab8776883df3bbda2c8f27b2dce8b3609d88a4,65.66533333333334
0xda81f406543d3a8ad6ed5a64037628af237a8256,65.63533333333334
0xa8da1b130d8ed0bd384a363e66f69fddf3b63728,65.57533333333333
0xaef23ca0ebdfa98c036e724df028572bf89251e9,65.55733333333333
0x89ff1c432d8adf7b4777117f91d58d4b64595ca7,65.51533333333333
0x2577a8539cb2194acd72f035dbb691ce5f406d3f,65.50933333333333
0xb3b50e22f2d7db7838f0888791a7a7fd637e9164,65.44333333333333
0x0598df9ef51616e9c015a4f17918507259b22baf,65.38933333333334
0x5444a43aea36f3cf015aaf24a938ae6baee2614d,65.37133333333334
0xb6a115cd4933cc404835279c0c562f67b74182cb,65.35933333333332
0x6d4090db32d7dd417668489964c05ed6811671f0,65.35333333333334
0x3861a3c9c3362a5276ea59be4707ce5700b9c304,65.32333333333334
0x4952f5dde00a0677365e42d33bcc5a8abd4e2b43,65.31733333333334
0xcc1e0a566dbd10869c071c811aba436357858f05,65.30533333333334
0x1954c8cd151de0d0946fcc1e8a97545f711e2380,65.26933333333334
0xf308ee61c13681214139fd28f87b1722ecac0f5b,65.24533333333333
0x626dc1c3a2991dfc91973b68d4131ef8d1487513,65.23333333333333
0x7409956e1d10a00ea425722565790e2c77c40ad2,65.22133333333333
0xabdc9796fd1febe7377ecbb91be9ecdff4b5e977,65.22133333333333
0x5e60c0a931d1901895a3ddf87f99640d4bf50403,65.21533333333333
0xfeb79a4e213906571c20b6d6a1a3dc45d8355c1d,65.20933333333333
0x61117012f9fb63cf0e7c688c76bfc874db3c6874,65.14933333333333
0xd441b7e82e11d66b981f879fb1d4720876ec941b,65.12533333333333
0x53bba5c7872bfc4935cb4eee63c1ba9bfc68212a,65.10733333333333
0x0ba43bae4613e03492e4c17af3b014b6c3202b9d,65.10733333333333
0x3b38df411221126688b7ca4cd3b5c08144e558e5,65.08933333333333
0x8576ca154ee0a593dbab81b9684634a572799f98,65.07133333333333
0x01c623b3d66b8d28d2b6d1fc41e3c2835f1acd86,65.05933333333333
0x7d07167d55edda306f7efb9a43a15a9b899698a7,64.98733333333334
0x6d835bb6bcce3bc2cccdc88fdf32ef73f88400b4,64.95733333333334
0x3bab311d8386cc6ee340bf9dc54deacc7b73ea5c,64.93933333333334
0xaf4d7e7b9deba33b7ae57d08bd8eae8ab55d8254,64.91533333333334
0xdab02b8a30f1766f05ab309b5ff19f9641e2da6e,64.89733333333334
0x1c7c13756d70a3150caaddf10861eb11634d2731,64.87933333333334
0x879c2ee5adc372d0542d65d80ebfe647ac1a5f10,64.87333333333333
0xc4ffed5198aba912b1f9b6890779702c78062c44,64.85533333333333
0x893425f1e71fad6646eb70dd17a5f808a012ab4b,64.82533333333333
0xfea0904acc8df0f3288b6583f60b86c36ea52acd,64.79533333333333
0x3bd856465321ead1605286938493169e9c9011cf,64.78333333333333
0x6316ff9d2c96b6b122e0dd632ab5831e0bf5bd10,64.77733333333333
0xe4f60f6fe872d5b910e72a11d09cdcf3780d20db,64.76533333333333
0x0372c7bfbb5b38699d954faee540d6b90cafc877,64.72933333333333
0x9512e79aa38f53a6a758930400e2494bcb5bbf0a,64.68133333333333
0x368c98027725a1dda451811d611d9cd5476b3524,64.66333333333333
0x469880d6013142ce79e6b795e6a9f3f564feaf7b,64.65133333333333
0x124e1fafcadc2c017a17b4bbbbfff3867b7dee35,64.65133333333333
0xf1911233a1db7450339ef1b14866e8b9f98b3e7c,64.60933333333332
0x0385f650cc068367fcdc2f9f739766f82405fd09,64.58533333333334
0x879aff2c8d6e2f42f05441c4ae999e7815770bbd,64.57933333333332
0xfdd43923340736ffbcb31c808ac644922c1df05d,64.57933333333332
0xaf7f2ee8a6ddeb1e4b0fbdc8b0ed294e0a8bf1ec,64.57933333333332
0x61f9f97700d391d875fa14e020bd6f1e862ca10b,64.48333333333333
0xaf9e08f3020e624c945cc446e8759602049cb176,64.48333333333333
0xffdc0c7dff4bdabc76e69f1ffd0c11d54b21369b,64.47733333333333
0x8a81126532a690e21debb35832cdda8b9c29fa26,64.46533333333333
0x6365ca7eeac872310727dacebfd5c31fe9ebacea,64.44733333333333
0x6c12ff945e8af64ba7e8508fe6c8bcbac8bb43e9,64.44133333333333
0xcaba1a66f0049ab97256d75eeb48d540a7a1f8ff,64.41733333333333
0xcdc65de2a7bc4b56d20e98a387c1528e58bf3441,64.33333333333333
0xe82542051b5e3ef94ce93c7a0473082dd3932bd5,64.32733333333333
0xa58fab297f20cd2fc16c1fa117681697f52f240a,64.32133333333333
0xd4c80637f45a55b5e1afa9cd0c935395063d4523,64.29133333333334
0xe1478cbf115c2d6bec1572e0e6a43a2dfadca15a,64.27333333333334
0x9e46ffd82439c6c6017541bd4ae9986b64eab5a2,64.25533333333334
0x894b9d839530e00ab9a3cd7a983951faeb7134dd,64.24933333333333
0xf116412407a9c607475f6bf8ab4b1f500b74ad0c,64.24933333333333
0x23a49a9930f5b562c6b1096c3e6b5bec133e8b2e,64.24333333333333
0xe028ca95d7bc5ff69e8154f7ab793fb206ec6429,64.22533333333332
0x0a6afb591cef197bd25ccc8e70a90909ae46c749,64.19533333333332
0xe1a83c678e6ca74f779de0507408ce368a026ee9,64.19533333333332
0x8f9e6dd01128cc3c148902ebfa648bfcb68ad1ce,64.17733333333332
0x17c6f0a4016d782603e4f73a8db4ce09636728e3,64.09333333333333
0xb0ca35bb14a17c41a87e81e91d299245ae0f9b5c,64.08133333333333
0xaaa24678f36c28baa3beaf86bd065dd18a85df24,64.08133333333333
0xfd46373c5331b6ef398554458ffb3f7952b3dcdd,64.00933333333333
0xbdb78cf560861ed2bc56b1847e67a011666d16a9,64.00933333333333
0xfed42cf9afb5ac6ae4d5d2554d28e4116b8c1db4,64.00333333333333
0xb58f9800f74fea404b58f94ca3685d97e4fdfbed,63.97333333333333
0xd5c01b2f8ab1e00b84fae74a354f57448f68d882,63.96733333333333
0xdb4f7db91482ce3f8393db0725ef94ba7237bbef,63.96133333333333
0xe4829468c6b3c22c2908bc1c247929a8513fee7a,63.94933333333333
0xc08b8d37fcea0a2a3cf3b7120995577b309ec33d,63.94933333333333
0xb43c9bd6b8fd1816daec30075000c5f0f1a7c9c5,63.93133333333333
0x44690cc3c6a8098406f2837e9e1780f32f0b3486,63.85333333333334
0x3ce4afd671a655bacee7bf220bb97f80d1e739c8,63.83533333333334
0x4a05b10f49cabfec5c8d41b804fc6a7303efe02d,63.829333333333324
0x838b07f4304795cb5f9aa85dacf194765b3e469a,63.81133333333332
0x78dd172718512aa63629a526543ace1ad73e105f,63.787333333333336
0x7c65eeefff2b7127df173b43b7c93b93ab75c7e7,63.733333333333334
0x336a566f0cd19c3379676f8932f26c9b1b1aea66,63.727333333333334
0xdd7cfe9f6c332939fa1aa53da096a2ee6d210712,63.69133333333333
0xc608abab7762e4b14b5693d8aeb4e848551a0c9b,63.69133333333333
0x0fe90e433f27d3d5b1785ce8c658bb9ad24355dd,63.68533333333333
0xe5c10b9988ce6f1e56cc3a142f2364edfa890ce5,63.66733333333333
0x01b29eb97ec05b81abd72b77035d99dc1b482c1a,63.66133333333333
0x77d8c672d9fc98e44a036b2b24f51a9613da7e41,63.65533333333333
0x229229284c0ea7c2a898765a5652fc03f0e35293,63.62533333333333
0x1e4541f19c7bb591c1787fed6963df6d88e6a76c,63.61933333333333
0x1af86eec2d46160b784ab7f4ff9c62ec7294d762,63.60733333333333
0x7ef5774cb1cb4a6829a85738d4c6956e2edc5be4,63.60133333333333
0xc2d0aa52890fac841c258433a0a260d29d2a98ad,63.58333333333333
0x06a437b2afcd7b6261bc26399b30f0102eae3af0,63.57733333333333
0x005839abcf30fc149dbac154d62cf00ce5a18351,63.57733333333333
0xd7c54a8aac751b5aec70515456d85fd81577e9f8,63.54133333333334
0xa218a8346454c982912cf6d14c714663c2d510d8,63.493333333333325
0x0b9b7a99308064bf1238dff693237429844fa623,63.48733333333334
0xc243e3aba71b76c1ea70e24c0295566119fd9131,63.481333333333325
0xa4fcd20d161f62dabadf89e30e418ea0b3d2efcf,63.43333333333334
0xe1aa177276a304510b5168395dfade2de2e91479,63.391333333333336
0x0645c4097ea0a49111afbc26b58612609183c927,63.361333333333334
0x3cc228f907bc37cbfdc1e415d2129d68aa3c4864,63.32533333333333
0xf2b31e5768871b3ad8435edb2c54b8683a3d1a5e,63.32533333333333
0xe6ae3c8fb8ba650dccbc38b997a022051826ba90,63.30733333333333
0x0e7644049d4db2aeaaea2938aa634179cad5954d,63.30133333333333
0x8b221a3b1b2675ab9e836904fb55742dc57b32ba,63.26533333333333
0x2142efcb2870affc21b4f2ebbe3976f446ce2b90,63.24133333333333
0x1d419c35db08d8bee2328e70251ec8766a11d71a,63.21733333333333
0xa036fcb0c60022b2f8976e387f319c14369d0754,63.17533333333333
0x3d401fb42e2f5c1ac97120eac015dad48713cccd,63.145333333333326
0x9edc97c4f8f87ac6c178d1a50db7bc60a0c4a491,63.133333333333326
0x5f82c97e9b1755237692a946ae814998bc0e2124,63.133333333333326
0xe0ad79cdd7d049c9c12afcbffa33c58e118c48b0,63.079333333333324
0xe705751e4263848613ecb13b04e398cee7d8eca5,63.07333333333334
0xdcba6c8d1eb1b8e8f1326770383e1026178f34bb,63.06133333333332
0x22b660f6e6a007acea649acd028a8d057c15620c,63.019333333333336
0x6124fcd7d9abdcbdd0ff8c704a9bd35c05add22e,62.971333333333334
0x219c15508383577f8adba451c2f2367bc6ceb817,62.94733333333333
0xcd47c8194c0ea6b938327cb82b4f5b9aa0941c61,62.85133333333333
0x39dab51b477cdadee45191abf283ec8b3e4108a3,62.84533333333333
0x0029ab135b5be72168bf80f140d60a9264dbd0c5,62.79733333333333
0x5a9c80f8af323177a03037674157d4120cc1f28b,62.79733333333333
0x6dc212f39c0325f32d3c3a864f8cc30bfa5d4cf7,62.77933333333333
0xf27b2f9e1d5c6b9eb92145e8765e2fce10b3001c,62.743333333333325
0x549750e6b5b40e627365bdcf7f7780dbfde113a4,62.70133333333334
0x34353e48f8007b0dbf496e734062e30d9354d529,62.623333333333335
0x6976b21f3c91bd112aa41a6ef9be5212852db6f5,62.50933333333333
0x4f5646cde956696e1882ae92d0f229ff41078819,62.43733333333333
0x0215c1aa89283d755c6a79d99153b907dcfa73a4,62.43133333333333
0xef66a5f11fb58dfaea684dbff181f7ec036ee293,62.41333333333333
0x3f94cd5967d3ca52f9f6df503779eef92b7805a5,62.401333333333326
0x043e318a6c11970e3f7950dff7bf51657337db2c,62.401333333333326
0xcf23abf7047685fb020ea16ee4feea3a195edcff,62.383333333333326
0x885fbc6e02db6b1d26de3f73e80ad7f1ddc10021,62.365333333333325
0xcc896ace93c88746ec7dd09e1fc54ffe27fe66cd,62.35333333333334
0x95b9f2f528338b0cdb3f14442837b0e7f05dceec,62.31733333333334
0xb5b4c4f6a656e6a9c1fc301b206b99af95215245,62.269333333333336
0x3550aabed267d01c8a50f3649e3ef40374325b49,62.251333333333335
0x38f2cdd0ea4b38dbed40a36530313a5d89638858,62.245333333333335
0xed1114e56a4f1f767864c2dbdfe7d404b81b886d,62.233333333333334
0xd894c048c27469ee7a573327382be9f4ce54414d,62.20933333333333
0x30caf91380d5911d417f5dada36f145897bc7f72,62.20333333333333
0x01c57220b9210c272ddcab9ad6794654c3b3d804,62.18533333333333
0x849f17c54d6dda08162ef328131048d95b9b2c71,62.17933333333333
0xad52d26c3a57764a289f5bb1cca0720e63f317ff,62.17333333333333
0xbfb7a43169b206e34d582f86c34e80347d170e2e,62.13133333333333
0x98390dc74aa2195174d937c92ec69bdf7e74bb6c,62.12533333333333
0xff2bbb591d9ee23259e3e95d931ee59a61b2212f,62.11933333333333
0x75ee955325dc910e48b2608a59598b31e7a82ed6,62.11333333333333
0xffbc36636cffeee51593f6f8048f618138b5b793,62.10133333333333
0x4d42307abb9b2fc8b822d564bc05c505946de1c3,62.09533333333333
0xb9e5436ccbc77b8c25a3fdb53273cfde1e85990a,62.05333333333333
0xb3696bfd947104624a838dd0ae1282756e47ea39,62.02333333333334
0x1261cf753c2006ab2455fb8fdf45c549553984d4,61.981333333333325
0xb3597a560e312af23349f599c3318b79e244ef72,61.975333333333325
0x13ef2994550557b3e359d68df43bf68d32f8c5ba,61.95133333333334
0x57c924feb43e30a08233661f8782d10e378cd6f4,61.92133333333334
0xf2fa954e033e92ba3c76fd4372d479c99f614ae3,61.879333333333335
0xca125321e0a8a60d882f1b38fb7077aaa8eaf53b,61.879333333333335
0xe565f48cee90c775d1a0c0fa6dbacfe22c406801,61.843333333333334
0x53c404d148a5c7c164e259f07a87429ad79c00e6,61.83133333333333
0x9e9bf7495369e73e76e0f41c00481b16a270711c,61.83133333333333
0xab8791b0ae982187b4fb4ae4612bd4c29ec6c110,61.82533333333333
0xf0754756e71aac7ad2b6497e7006f5e44d68d592,61.78333333333333
0x18456bfb605e238af478e4af64bf5a2b5304a31e,61.74733333333333
0x90acd0fd2aa57ceb17bea4b9a7c95071d94c5ef0,61.72333333333333
0x2b2a3ec84580f19ef7bbca1e76c105e0c336ae35,61.71733333333333
0x4d5c8e9f3cedd850f5bd017fef11a8f78c955c07,61.71733333333333
0xfa540b8242565c014773ced9f0c45bfdd0ed1a8f,61.70533333333333
0x136d9aade0fabb66dfaf7fba1d450c447d8d9d3d,61.69333333333333
0x369bb02409a711e1971f09fef41a093ba8536ecb,61.65733333333334
0xe0819c89815a3376e2a9a02d77e4e4a8c8387adb,61.645333333333326
0x9bb36404df5455eeb80205e5730631c6a1d64c9d,61.62133333333334
0xd34b49026e2822cfb8b10618d54c312a07139bc6,61.609333333333325
0x5dafafbd7acd662c909a9601120cf1d9f277e8ae,61.60333333333334
0xd9a25a008d5e5973a7e439002327a62d56adaab5,61.58533333333334
0xa6b5b157670fc71dd34b3e4c8336fe72c0358c78,61.52533333333332
0xd7bda9d89e4a518f376442393086b9798b3ac743,61.513333333333335
0x1e8a74cccd6d6c3d4bd33a5e863f039de904e9bf,61.483333333333334
0x0d81d65c3581140e1b82908340eb2f11ea0a0971,61.45933333333333
0xd71b307f28c307ba2e5681117631d356d0eb34ff,61.43533333333333
0xb8eb4347b64999bd31498d3834833b383d59f4fe,61.41133333333333
0x02224db71bfb1c1757345d618018da7c9414ae2d,61.36333333333333
0x3dfe9a6c5473d9f2b5bd3171860eedbdbb7b0124,61.35133333333333
0x650a4c05028d0cd1694f1ddd4c8b8c0b2a92e410,61.31533333333333
0xd7a5d688b07a997fdee9896289f9d7d0f02c1f74,61.31533333333333
0x5d294292439fb1ee1d03be683dc283c4dfbb7180,61.231333333333325
0x8581c388a30518884522fb177a92fc2193510814,61.21933333333334
0x2d0e374fb4d13cf0000b3ee85b0923b484ada7c4,61.213333333333324
0x95655aae7f5079ac99d640f5b3633156b41e7108,61.141333333333336
0xfb9284715e9b0d08153caa34c35bfaed76edc31f,61.123333333333335
0xd6ceb05021ab37457bf9837da9f4c98828628fc7,61.123333333333335
0xb3fbe25be2e8ca097e9ac924e94af000dd3a5663,61.099333333333334
0x6ea1eadb60d3c33113862035cf99fdc3854ca85e,61.03333333333333
0x10cd843c28fe86175c4aa5015ab8b9f5729dafc7,61.00333333333333
0xb141936c797fb48714c37f9168d8dedd47975191,60.96733333333333
0x76df523a0b0ad72db265a893b0bead827697955a,60.96133333333333
0x6cfce9d4c30ba3210a3018a4e9a928715d836207,60.93733333333333
0xe5dd78c224f26e306c84a9b1aa2def30bdf15835,60.93133333333333
0x49a1eb39534f378722036d41d3ab5c92e86b55cf,60.901333333333326
0x8f831e8799b642ed6a263dff0f72de51b94e6216,60.865333333333325
0x4e5ad6abfb732ea26920b8cb89da8fb33961dc44,60.865333333333325
0x4794764b746913abe38dbc7a373022bfee5b4a06,60.745333333333335
0xb9b78523717e42494c2aa6ad07be9ccb4b09be7a,60.739333333333335
0x49e325b1d06b6df1eb3a4fefd772f9ea58a3dda1,60.69733333333333
0x29e70746df7b25d9638387596dc0babf98d364a9,60.68533333333333
0xd7aa78bb243d5420717885af9703295f37e2dafd,60.63733333333333
0xb535ac19df533873c2c640df6cd644cfbf8b5d39,60.56533333333333
0x8e2b4f283e3828b41343c4b24549b5a5b36b6632,60.55333333333333
0x39218113be7f22d24dbe7ae156615199be3ab642,60.54733333333333
0xf3d3ec934462730b389878448bdb191b529e9b9d,60.52933333333333
0x3660581fd4bce34ae6d9d29f619e9561564f20ea,60.511333333333326
0x1daa25c573fb6a03284b0de08910e260a408601b,60.481333333333325
0xeb23e02024b8b98dd988d39482ec4bc6d329199d,60.40933333333332
0x535574b576dc7057efda800056a257801e33632c,60.31333333333333
0x0b3c69cd19831da372f682ca593668ce73afa537,60.25933333333333
0x0bff4468bd9f6046b98bbbe8479c6b939397a6e2,60.25333333333333
0x5d47e5d242a8f66a6286b0a2353868875f5d6068,60.25333333333333
0xf6b92a7fbfd0c93ee5bfec23241b5f0a233e3209,60.13933333333334
0x37fcc6a85286e06750e778cf5e0f1bf90488564c,60.10333333333334
0xb3d4a0e65b139089de480612df634df342a34695,60.08533333333334
0x7bacf22f747f2f4b983081c0aa76dddfecd008ab,60.031333333333336
0xc9d60bff572994049821c1f93bb81e4f05b9fb4d,59.92933333333333
0x9fabe602d0ea4b157254f2850a67ec6d6cb4130d,59.88733333333333
0x737284cfc66fd5989f2ac866989d70ae134227cb,59.88133333333333
0xfde695f57f1800f6a6012038ba6263f436b3cf68,59.85133333333333
0xd1b7a30b02e4ed79025204be3c919d8f28457ab0,59.83933333333333
0x4f80bdb1ad0ae62e1a7b156f4f89382135c81808,59.83933333333333
0x6f35c522305449f05052e78aafbb0faba2c63ac0,59.79133333333334
0xa918add8803e65e97410ec42ae359dfe6663a8a6,59.77933333333333
0x2c07f38c56ee3a2c2233224b838a6b5035a2694d,59.77333333333334
0x1857ae37ba3005113f9809b0e19a2a6563ee0d3b,59.761333333333326
0x926f974a623c51cac02c7f5c178dc6d2f431c23d,59.761333333333326
0xe5998869c7ec6b901bc99eb4ea7c38fa5020f4e6,59.725333333333325
0xbbb7dba7c8e34c3cc1554ab8b890e699bcce6692,59.71933333333334
0x4b0e8e0d672620361ffbabf48558c612d81bd83a,59.713333333333324
0x64b3122c293e301f9f1dfda823bdc6395d924129,59.70133333333334
0x9b770e4300084059fafbca51adf7a3177d30723c,59.65933333333332
0x574ccf14154cc872e39ca074beba10d1c8add1ac,59.629333333333335
0x6378584a7b7916b303fa9398f465f92647033be7,59.623333333333335
0x1147359f0bee7e5e43e473a6d8fa11e79af0faa3,59.611333333333334
0x7824282944b7cc7b8ef86ed9adbe21f49b247f97,59.593333333333334
0xc95be28595eb64485dac63ad14f15e41c94ee468,59.56933333333333
0xc241997f5b62d8e96cdaa0e4dc35acffc01319e8,59.44799999999999
0xfe206f90c58feb8e42474c5074de43c22da8bc35,59.41333333333333
0xdcfa077f4fdd8295b2efafb5110bfa56e204a832,59.37133333333334
0x0048800e4f0f43c4867a9326402c69c28cd23bc7,59.33533333333334
0x6b7cf8d60765d8a50df57f8228be215c202a3149,59.32333333333334
0x60f543732665a4f5c9a684de3ed2b9d43c791027,59.32333333333334
0x8eeb3170eea4135b88ec6c058f101d41a29d0cd2,59.279999999999994
0x076c95c6cd2eb823acc6347fdf5b3dd9b83511e4,59.263333333333335
0x178662db0ea4aa03f3fef01b869627529ae2fa32,59.263333333333335
0xdf9efb7bfc07b9e7164a5868922afba5042835a9,59.214
0x7669be62b519160e94ed7d90ea7d728e956c875a,59.19733333333333
0x2c37d126bd45997c83f7bf79a066c5c7d146ff17,59.19133333333333
0x4a356df984fd39a55ac7b7dd8ab66f4da66fe5fe,59.19133333333333
0xe0eeec7010ac9f74a947d70d43173d6765844768,59.19
0xd8982cf39b93ca723ebbca49efd04d4777a9686b,59.12533333333333
0xc6e8accdfb5a93e170fcd71e7b662201e536bc68,59.11333333333333
0x2b11b02f5b32056af20cdf8a45d4f680b303b3a3,59.08933333333333
0xe64ea228db1527c0a4fea11877ad832fff692386,59.08333333333333
0x2967b3f4abbc80c1777a2d1587980f7c3217ab53,59.06533333333333
0x971ff25edbc09706b157a5c239a76e329e8e486e,59.02933333333333
0xbe50cb1788ed7a5d375ec7a9bad41e2cb8161817,58.925999999999995
0x86b7008723acc82651374ba81b951b2a8413743f,58.897333333333336
0xe83563b5e2da7c32964fb0dc33977c98d23455a2,58.885333333333335
0xed68be0e6c90ddbcab9b037afb93c4b9335a9b3d,58.879333333333335
0x7186ce946a1bc87680ff0ed8e5d684ad27b3734d,58.855333333333334
0x888ed928636ec2c5c0115dd8464005c9876cd515,58.83733333333333
0x84bb78991e2b60dd30497f8ce048aa68a4b259bb,58.83
0x35e283f461a9ca2e3a5765e72815c8d1dcb66ad6,58.82533333333333
0x53cb1ddfefdd43a6a0f6f69ceac8f531b12bb780,58.81933333333333
0x0061cc250c17c9a9f6335acaf1bb94b3fcf9e6ad,58.78333333333333
0xb4dc65f8ade347d9d87d0d077f256afc798c4dc6,58.78333333333333
0x1a7b1085d20ca63e9f461969e21c021f92a7874d,58.77133333333333
0x42b9df65b219b3dd36ff330a4dd8f327a6ada990,58.77133333333333
0xf2b7b6a05d2e065754d5e1f56ec5f11d2154ecbc,58.75333333333333
0x381a17eb78501498fa183c81648b4165826e1af7,58.74133333333333
0xb74bf8fe9fc050d48f298c04bb87463d2d82891e,58.69933333333333
0xa5c3a513645a9a00cb561fed40438e9dfe0d6a69,58.686
0x9eacf519f5a1e072339463a61143602e696c751c,58.668
0xe0273391e1ef99e63216535b65739ab9154bc887,58.627333333333326
0x00809b9263aab2856bf65be3d3bc3fcb9e19c1fb,58.62
0x6bb1be45c80e14b6ef600df5b018df12a7b245c4,58.519333333333336
0x5e55444ce48949c8093ca496a4abdc310bbf5859,58.513333333333335
0x573af7ecdb6c0265e1e5b3150497c878c4cd8628,58.507333333333335
0xd0c34e1772aedede1315980ad63df8a3bebe391e,58.44
0x9dfac9bbe1119da5dcdd7b095db40920cde878ef,58.434
0xb3a2e95ad1a062ae4716e1568d8f80d2228461bc,58.42933333333333
0x8c0c78e6e81510b96fe34483c05ee203a1f0457b,58.428
0xc3aae58ab81663872dd36d73613eb295b167f546,58.39333333333333
0x197a78fe1bd3bbb64c1325c027bde8f67bac1770,58.33333333333333
0x567a25e10691079b916bafd01357f7370a8f80d7,58.31399999999999
0x1b3e1786c3f8524ca0f3175b0b37bcc1bee5a6d5,58.28533333333333
0xa057722e85988e6f58f5d02b7fdb1f630729e6c3,58.272
0x8983acf83c5eec243622cc341c45857ccbf22b3e,58.254
0x3b4ec2238d4eab27922fda5b8ed4a92c2ff674b2,58.24199999999999
0xbcef8391a2de02913af369bde6d196b3c26f4770,58.21933333333334
0xa78ee63eec17dafc88c482cb5aaed1d714b85494,58.213333333333324
0x2f47eb00b241eccce85f369a024742186920e111,58.211999999999996
0x8b8e052b88b37825f7ca69631462ff012a48f394,58.199999999999996
0x601453dd6c5d5fdefe0287df5ebfa246e2152e71,58.175999999999995
0xea5ee32f3a63c3fabb311c6e8c985d308a53dcc1,58.165333333333336
0xbc5eea869e6a7a30aa41b3b83111aedf23846e33,58.15933333333332
0x7bbd198c8f9e8a27324dd54b114bb9c1335ab5fe,58.158
0x22fb3590ca2b6a876d7fb655fc6e598abf28d3e1,58.134
0xbc624225fbd8c27509fba9497341566ade14f773,58.111333333333334
0x242bc7b9319c2ea4f5bd8b75277e1c858bca6721,58.104
0x81dca6497abd7ddffca44cacc285011891721cd0,58.098
0x248d09b842142ed5e4ec79d95e62baa46bfb7738,58.08733333333333
0xc995efb947a111a136f12585c5fa49a251b379d1,58.02133333333333
0x310ce0f00b0d64989da96380a48e4409079c8d8e,58.01533333333333
0xef15902a5e70961738b8fff0caa49e555f4bcad0,58.013999999999996
0x761e5073ce61f548c9f0cf23255f623692bc77d7,57.98533333333333
0xb1734fa31d26d0d7881cbdc0118b1535f5454a33,57.96133333333333
0x798342e1a0f01c5084f28c122f5e391fcd47e4b8,57.93733333333333
0x2db428a3b1241f7590b05045b233f97d94269e50,57.936
0xa9333685543e62176a091a86574e0ca3acd30d7d,57.936
0x2075fd8f519895e488fd3b3dab1d41381a1d9ab1,57.92999999999999
0x0249709880fc44b72f00abbe7f6120c9a61bade7,57.91199999999999
0xc373decd953ed7e4fd78f4c39aa41a44448fb6f1,57.88933333333334
0x80559932fa7cf2707b40f4541fcd93eec4ab4266,57.877333333333326
0xd6d30f186e802c1558b8137bd730f7f4aec17ae7,57.859333333333325
0xaeebe2d33fbdf50684161d1c1ed29a42ac915841,57.84133333333334
0x66c7a7348250f453a37cf86410a946f9668de386,57.84133333333334
0x9d11b1e1445b017902e561ceb201f009b3d53a42,57.833999999999996
0x7f39e0b5d75cc67c0d8f6dde0d1c8fb58e24ea43,57.815999999999995
0x3eab4037a2e7f4d4d0946c091fe135838221f2b6,57.81133333333332
0x6e197190de43166839665157274ee695456259f7,57.81133333333332
0x9317e25590aaa62be015aff026702f3b960131a7,57.779999999999994
0xa526ec38e974785d3be42ec23f9c2a2dd849e085,57.774
0x70d8e4ab175dfe0eab4e9a7f33e0a2d19f44001e,57.757333333333335
0xe2ac7b18ff15335b550b5b595f5e14864fd26e0c,57.745333333333335
0x40941f5619974c639fe13fe977fd92805fc10ec3,57.721333333333334
0xf31fe83baf9bdc2a10ed1275db3372a0538328e1,57.708
0x9e4467c1839514ba0e2240ef81a89e40984f6f50,57.702
0x22d9aaa23d00cfc72083ab5146225845960ead4f,57.684
0xf42c5c708e12eb4e46eb1c3da7dcff7957edaf07,57.67933333333333
0x8134c82b2c68be494105bc2ed182a98031ba4981,57.653999999999996
0xe46ef6511465e07573e83f98a4d6a9bda544c3ce,57.64333333333333
0xa7f2ff6c6b16fc1cb2499d60ee16f2ca39f970df,57.617999999999995
0x6fd5b7668e0850f2f6c734c9a59c3fabb06a039c,57.60133333333333
0x0e532f71e574e0d2f421e381e4d1ae2c7097b7c8,57.593999999999994
0x750d0162291a09397fcd46c75355a531c83ba26e,57.58933333333333
0x9ddc5b469e02cd486f8f77f3e8fe831468020085,57.57133333333333
0x78d196056e1f369ec2d563aaac504ea53462b30e,57.534
0x18ab13f62635bec69fcc1d2ce3dbe5e0bdef1b99,57.528
0xf0163f66ec80dda288e753e0a62c8eb71cd38684,57.528
0x4cfd6c324110069431752ee6e6cb1a646f030cb5,57.475333333333325
0x4be9067f59f4c13b60033cc0a5c9c8e2c3bb7991,57.475333333333325
0x2702a5a45017f69ab850553d372a1ad85a4bd01d,57.46933333333334
0x18c42014fb0aed3e35515eb45df8498af67773a4,57.45733333333334
0xc4b485a4a6faf2a8e17a57f8ed198f058fe2b408,57.45133333333334
0x703d64dc8ac90a8f014e22b5f11b373a9caa05d3,57.449999999999996
0x29bc5fb2b177dd3432661ee5c67e7d7008350fcf,57.43333333333334
0x9fd31424cfceab50218906bc1b3d87fe7778ca61,57.415333333333336
0xd66ae62f7c1fdcfb3ab588ce45c3f5b2eb51c09f,57.379333333333335
0xb7896fce748396ecfc240f5a0d3cc92ca42d7d84,57.367333333333335
0x15ac14c5997e76322ed32ae54335ff284e6f92dd,57.355333333333334
0xd4e09cbaee9b6099ce7f5077dbcb30017da2b2f6,57.355333333333334
0xed75bfdaede4ce83e788aafd5fd2e54d1d8e9c9b,57.348
0x4758a12fb01dc7cad5741246b9e2eb59ae1ef38b,57.34199999999999
0x7a68a38d8670d91c90122817cd0f06212cd4c8c0,57.34199999999999
0xd3bb48f4f01876783ce5f67392c1fe05e1fa0918,57.282
0xa36e9f78e3a11468ccf88b99b3015f471b6ad508,57.27733333333333
0xa4da0f347c6abe0e8bc71b5981fd92b364eda4c2,57.27133333333333
0xe7e3f293ff5be247e336f5cdb493c9ace1011a35,57.252
0x9ee2bba244c872ed03b5c872c6358c60b1b16dd4,57.24733333333333
0x269e30242bb6edb87092417399adffc7cf3015c0,57.245999999999995
0x49153cbd5b0c516d1320bc42b48c73548b73b678,57.209999999999994
0xff5269e8ae6a9f2ff2a93c770fd35f8ce71712f8,57.204
0xff4e2d7169d7d56f8b41c63592fa919b4d1b0165,57.174
0x8f46901fc234cd942b88e6056ea58226207f4ca5,57.16933333333333
0x3d23ab914f5c6552689d824e7802e1b242e3f588,57.138
0xf403408c8c3151297e803fc43bca4c59d3e9cfc3,57.109333333333325
0x616f1e3b5d115d56f33c131351d46ac4aae1de5d,57.108000000000004
0x285d23ea20ab8138e63889669b091704a1787278,57.072
0x215554db2788661c00335545fe735fb6d9ea2eec,57.036
0xe26730ec82cd3e2e3f8307c68e417b9af74e0640,57.029999999999994
0x3e0cf03f718520f30300266dcf4db50ba12d3331,57.02533333333332
0xbefd8f22de702c9f094663a92ec52674f3178845,57.024
0x38227d153f7520e78ae9c9119974be6eececaa05,57.019333333333336
0x9aaea404b29381b89d77612cd7cee706c4059542,57.0
0xdc914144d4b678cdc72d25fb60fe51add8810022,56.983333333333334
0x95d97be6bd003679a9cd856132f1128062af48d8,56.977333333333334
0x5632cf9a1b4ac936a3c6d3d66eb75c0344c61c2d,56.965333333333334
0xc60c784a4556126720b113e12fe950163427499c,56.95333333333333
0x06d57af6792edf066046aaf958d92ae5558e0e56,56.95333333333333
0xfd72fac7d08f9912e5d02091417304d5a0072e2b,56.94733333333333
0xe895f40ecf7f32f3c57127c242f961ea93d0470e,56.94733333333333
0x833a9a6002c77c9dd7518d80ae7d4e384b5f6bb9,56.946
0xf189bda172ddc4b6250b8c2cfbc174af18d3ad29,56.91733333333333
0xc04d6b100cdbb807bb7913fa68ff0d5990e43dbe,56.91133333333333
0xaa666dd5b7db78516a812b772fe5c1d67c66f270,56.90533333333333
0xf7c751457363e84f5fda68e527b318468f334cec,56.886
0x975793c7a6a077221aca4e4fb9b7f9a46378463a,56.87533333333333
0xc1def82f71cd625c173dbd05f2d9788bb865bca9,56.86333333333333
0x1cd6d86687adccaac08c12134aa569a780368b28,56.856
0x845b5e72e97cf3ac688975d91688d99da4dd564c,56.838
0x363116a1d6696fdc3d277775ee74297f4a79be20,56.83333333333333
0xb16ee2a981cce4c4c075b2bd9406d5074da02727,56.80933333333333
0x2baba0cba8241fda56871589835e0b05ec64ca41,56.808
0x071a79b04021baf1b6f32a5c233c7d01dbde0e0f,56.80333333333333
0xdacb1734b3259d98c8fdc755993209f9c4682cd2,56.767333333333326
0x1911e45693ef5787481a4716693909e23cc0fe5d,56.748
0x17c356fc6b70f9f5ca99652c8360e3657334ddf2,56.742
0x7044a3e6bf3baf4f0d2f8884a2ee4e2d838f8902,56.742
0xe1c8917a4f45d50c6a66cd82a3f37f1a7d798746,56.731333333333325
0xfaf95953a36ed1e8f8426ab5b7eb53da246e3476,56.713333333333324
0xb3de746d56c652ea0390233a135a4011cacd9be5,56.69533333333332
0x6c8a3edf2bae56fe85ee46ee108adf99b49e9288,56.68933333333334
0xcdb785569b4b5b7832af497e911ea893181bdb74,56.688
0x33cb4d0f57849b5ff7c91f8ac3e2a2d4fbb55645,56.675999999999995
0x1b5dbb494c47bf7ba4ca62d13e2574df7d42e10e,56.658
0xbb6d1a9ca8e7f56a385c0808e68627d93193dcdc,56.647333333333336
0xef0d7ccbfddde5d1022772246dde7160e29b6864,56.611333333333334
0xbc0c33fff2888a499a519a641a91f9d7dd270b71,56.60999999999999
0x58ffe60904be609b4af1b42ce7bfaadfd0030cea,56.562
0xebe8e5d92957c947bdcf9970fdb9898632fdca80,56.49133333333333
0x794ad3af58b56522b80aa7e9bc04f042c55d5b2f,56.47933333333333
0x3b69a28e73eebdcc708448d211a2cc39f30c2e78,56.47933333333333
0x39799c809acceedc3a0821b99ed495102fb430cf,56.477999999999994
0x05796bd2c3adf94bb9aacbcb1ea0eff271f9f94b,56.448
0x8b5c2387ba1f401a8f1d7eea37fa8f9fea6969c1,56.43133333333333
0x426ebbb08ae13e7956b3dcf18e2cdfe8db38518a,56.43133333333333
0xedcd518221d67769f2a85acf801e6ba4918a55c7,56.42533333333333
0x4c0c59f3e1e8727c60ed7bdddbb454ce4814458d,56.365333333333325
0x1fc6386835eb73c7c3b16695f30611b1a71fc84c,56.35333333333334
0x87dff96c4c59bd7a6f61a75778d1bcff51836923,56.329333333333324
0x0b7ac50e15c00ca737ea89c124af1d964fbbc63f,56.322
0x7a0fbb294741a4d08ebc09e8937c44b87c4c0b85,56.31133333333332
0x308c4a67eb1480e739cfc18d0fd8805c55dd8402,56.31133333333332
0xe586c8ccb29944f458104c7acbe4ca48122da895,56.304
0x7c81f6ef28412392b7f0771e903490131ab74da2,56.304
0x9c671ecf42501c241fd317a04b38e6c894f17b52,56.297999999999995
0xbe3c31d861cabc76625c497f516a7fc46b0f9c8d,56.286
0xb83470cd5850de7e5943c4decc5620d48e4adc9f,56.269333333333336
0x9d4da31a6f741c53a8f098bce221ecdd4a9cf6be,56.269333333333336
0x806add7659fd1fda4b1f2b981a90a12d3373b2fe,56.251333333333335
0x3ee505ba316879d246a8fd2b3d7ee63b51b44fab,56.24399999999999
0x385d84a0e3d88e91e8e1a3a5aadcd759670c468a,56.239333333333335
0xea4644472a98722dcd26b49abf5b8b4ac55779b7,56.233333333333334
0xb7ae6069b68eef3f8148c71824864de8be5b6691,56.221333333333334
0x5c10afd2e8c8ae7e282aea60759209f32edfe3d8,56.20333333333333
0x55881723bec59e26a3749a4eace7dbc70a2b41bc,56.20333333333333
0x188c30e9a6527f5f0c3f7fe59b72ac7253c62f28,56.20333333333333
0x1e60ae150f10a3a1881d17a9f749595030897ce9,56.16733333333333
0x02a2ccb31d3e68bdebd90de2ea41b36d918400da,56.16733333333333
0xafdc7b014631bf1fc2fbfe91fb4fe2effb463bc3,56.15533333333333
0x4527c75dfc50a5390dc663f81b627c39e7b9acad,56.147999999999996
0x389135c984febdbb310adaf23a690dc28c8fa62b,56.118
0xb6386d58faae240ae2e5b669223f166d7b0e4acd,56.118
0x8877bcb2223682048badd5b09b7ee5a8fa2f3424,56.1
0xfb57672844380e3a8352fb34869ce7bb03f81e6a,56.1
0xbf9ad909784e9c1a292dfb33c2b1d496dec17df9,56.093999999999994
0x35d124ce28e92a7365ac428234a6c362eaea1845,56.093999999999994
0xef672f6cc82b61c8362f1dd7e5bd47bb95efcad1,56.08333333333333
0x403a4dafeb9f30af465261ef0aa01f8c12441f09,56.07133333333333
0xd1d972f85236d6da79e628275d5edf3f5332ddde,56.064
0x2b354cfa9170febc4829d499af094c70c7920334,56.058
0x782c7c0015ff2c58c9801a63eef8b6f48c8b7ae0,56.05333333333333
0x5fc21713e7ea8804073442b04cd660197763cd3a,56.046
0x080537ec291852f9a07007e845527714124f17ca,56.017333333333326
0xcd2af06081e11fde7e0fa1dfeb77e4d9fbeb7948,56.01
0x1390743368d3d548cea3e371f8da81da2ffde2c1,55.993333333333325
0x35fe24e9a15ff454de3bf05b1deaa830ec019eda,55.98733333333334
0xf47b25c9aa978f080995fdcd0d1b04ce274747ba,55.98733333333334
0x419679443550038fc0f4c427d5671f43cff4bc60,55.986
0xf78b62f3cc6e3551cb87cbdcc62fec959061e05c,55.981333333333325
0x9eb408e53dfa0c877b65bbe874de81247212380e,55.981333333333325
0x0db5faedf553fe294e1ebccfba24317f672b234d,55.938
0x8ad5ee55a8425a8a4938106050636e0901df4321,55.93333333333334
